Time,V1,V2,V3,V4,V5,V6,V7,V8,V9,V10,V11,V12,V13,V14,V15,V16,V17,V18,V19,V20,V21,V22,V23,V24,V25,V26,V27,V28,Amount
15012,-1.18172110039274,1.48526441437998,1.95871522985683,2.58794304537878,-0.50409162394332,-0.126697321881407,0.9390384663694209,0.175638070027107,-0.756317593164967,-0.482657647228156,0.7659626669718671,-1.8981212353861299,3.33473435008021,1.66861514187051,-0.179474305678966,0.316424874839498,0.56602722281832,0.0204697011039476,-0.492420280987105,0.31725734940364003,-0.0106414520325204,-0.191361379406714,0.204004178770493,0.6639283670741679,0.288779909725536,-0.033612005081141004,-0.142682043994688,0.0281486342921909,159.28
15013,-3.17239877669769,1.06840134787646,0.552259775156393,1.5114076330890802,-0.44580582799036206,-0.41813512968702005,-0.45048606498284993,0.7359774626487858,1.9091295375933603,0.281657083768103,0.32639451385419604,-1.88331737969132,1.51559522583253,1.5145217633597499,-0.673817182209128,-0.9590595224671461,1.61841487490022,-0.4313435388571671,0.196571583190226,-0.770826343883573,-0.378947522752394,0.4664250240589,0.762349462511201,0.369844776917989,0.20465015473974602,-0.239300342081501,0.514388237949599,0.0483498684648052,12.99
15014,-0.8370771411988801,1.03470964375159,2.33312870515392,3.1037757825775496,0.22914285717813,0.50112250592582,0.31428289065778603,-0.161583435424826,0.409634375352239,0.8895214998602501,1.74841325120619,-2.53369557335992,0.7804304466373649,1.35215909006066,-1.190343369963,-0.361567662964438,0.7759208880941141,0.504176727349271,1.3714331139645501,-0.134541674032964,-0.363839343033356,-0.458100613173133,0.164097474850181,0.234167131163467,-0.41873425454791396,-0.0740778032782283,-0.355165210840421,-0.169615989705297,3.79
15015,-0.23172453025986803,2.39274294618392,-2.39521258566569,1.8000398890859,0.6022413788248101,-1.2743758221634198,0.00817493895024702,0.726706013296381,0.388612437841813,-1.59883946121133,3.64063151759687,-1.53093139603929,2.28207752271472,-1.45974585863883,-0.270571677299513,0.8387303223778209,3.9386374577184506,1.7248140414173,-0.804827371335822,-0.0118926061983442,-0.141838552993504,-0.0632054862279024,0.26451738565431504,-0.165732163316139,-0.48142928092335796,-0.43287939503582,0.11285431419948598,-0.0845222596054592,0.74
15021,1.10939990906479,0.10948595937775399,1.2100574268105602,1.70882387070317,-0.60400568566869,0.116548950060673,-0.440770904914383,0.0355085840345847,2.12056469594473,-0.695799280963895,0.48849162624402004,-1.43698113236092,1.8754626452627599,0.9640026001856958,-1.48304346176977,-1.0111937701490301,1.27634595542629,-0.7779862170342671,-0.530459689562037,-0.22662836309995898,-0.20928346210720997,0.0551617330382762,-0.0250305187677549,0.37747275816027,0.5721430169196561,-0.33358609726639693,0.0523070907950872,0.0198467198547841,4.99
15022,-1.87534869727009,1.7674480302827,1.03038425543089,-0.640394737255302,0.12260312294336499,-0.611501327826792,0.671788654043308,-0.0162808255044608,1.9172104290452001,0.61370095188531,0.7805757209204499,-2.35932210699844,1.77388572422631,1.16528666266854,-0.0248027993016643,-0.0156439043417986,0.297641724516838,-0.559285076774968,-1.4324523763753199,0.49959114545619504,-0.337293757812095,-0.177923053492042,0.0204895232685503,0.0262156371767989,0.006750030441978421,0.237726427125947,0.8258715442352299,0.5505924876952951,19.99
15023,0.846234066390479,-0.518066132180782,0.0808091581882559,0.36981250823695294,-0.54874068874349,-0.8124414954053579,0.317748259744034,-0.331513127072261,1.2014975547170401,-0.5678570734017789,2.46550408105617,-1.0695581243519101,2.14075834366989,1.7197070844026003,-1.35523505065008,-0.231621824731621,0.5997753986266829,-0.0974098460598706,0.305003592915547,0.339032341020404,-0.039418025459481004,-0.19553696662348496,-0.254871324497461,0.5994960165744201,0.408008522310551,1.0291547051711998,-0.161609938336837,0.0154561867019442,214.0
15036,-1.3702688338222502,-0.13180745784002698,2.9226607311214305,0.954349570963697,0.463125578861498,0.569746120069116,0.454446992983714,0.0382721001386395,1.8498338224189699,-1.4312918453405499,-0.119112345512271,-1.38886894830151,2.2647578670501898,0.166014562906078,-3.07775821745981,-1.15111616512656,1.1319016955274,-1.08270663427344,-0.543242083467674,0.266025985532171,-0.449496641455269,-0.7935352959194051,0.0912740893169508,0.0231709493270758,0.49031204068585404,-0.667322521919423,-0.132127645316713,-0.139098741888523,109.99
15040,-0.236907514135601,0.848256131794106,2.0646947946945198,1.7120237610951698,-0.367250672346542,-0.332517282760721,-0.0167295751239706,-0.00358498120777646,1.02192137326823,-0.33848928521853,0.262415309004315,-3.40911570429128,0.511412218452848,1.85163700805223,1.3423160518138502,-0.32133750273606704,0.8341265635587671,1.02588348487976,1.02332291941712,0.0535858632865917,0.0950017738867336,0.52442541814956,-0.12251250766018,0.30197637240465197,-0.41093146649989004,-0.150967295784725,0.167371740284173,0.155085846083936,11.53
15043,0.384376777233827,-1.24140403029344,0.6039167662776079,1.62519020759743,-0.804536088607089,0.731303062163001,-0.20777374672670898,0.0667465271586959,1.71967252234472,-0.478956465823312,1.2349323100249499,-1.63629418487899,2.06704987047359,1.37411628676398,-0.765867432323763,0.7368979130910059,-0.238837645447568,1.29930331217238,-0.22152287837595702,0.716808046880489,0.22394638687544,0.10455679206878801,-0.559177537179079,-0.515157771449323,0.417437755469514,-0.29180655649518,-0.0407446867557328,0.083490869199407,420.0
15047,-3.4198587336583195,-3.4106172034210096,2.09940028066399,0.210661679037175,0.309367023920031,-1.5042227007963702,-0.0258801241396307,0.139506810241715,1.9059962668344501,-1.52681821939361,0.316282167298517,-2.18752623999272,1.6236709458911398,0.99452902886373,-1.02984377888426,0.272097192008162,0.49954880913147204,0.126144548869908,-0.8792032947702522,1.75321546441589,0.284652713283853,-0.359006069897531,1.5533678749984101,0.639220967311149,0.151946919247709,0.776415015705531,-0.0305132730324442,0.23701926368741602,500.0
15048,0.8003924635521209,-0.46607542512251793,1.3557226652964398,2.11332299805679,-0.929053158274029,0.500679934811743,-0.440431615726447,0.146637439769271,2.49852861791683,-0.850089672823164,0.134689410741776,-1.41111792536494,1.3380736202547598,0.74257147305831,-2.44888871196354,-1.25393940116526,1.6300241165912,-1.16010992558946,-0.19497004466904,0.009798860251933071,-0.463161464559161,-0.915390597260067,0.0178373787162819,0.340807199138518,0.309457661073941,-0.582252647230653,0.0397355059128806,0.04888961123971201,144.82
15051,0.39276288474363297,-0.8550983848879179,0.13163928265493,1.91074349487603,-0.343018114290772,0.0379920598349924,0.6090293904977211,-0.28516236968921,1.30641009660465,-0.7253130684021311,0.668509392802308,-1.17883802386846,3.0478073483506503,1.2995169175615,-0.942870006194603,-0.769114111303929,0.924772009392027,-0.8036773269643029,-0.709746666712749,0.677823680999748,0.00809364142298349,-0.333109259768852,-0.422324187576327,0.0819218057284186,0.541817768959761,-0.39859393507297297,-0.053048233185858995,0.0825896901775211,410.01
15052,-2.3619852960634504,2.30554223118682,1.2721096749267,-1.83720743313633,0.20686636309680603,-0.608186810518501,1.24242728244895,-0.9537024340514358,4.21050918300136,3.3704536146337096,1.40484753558257,-2.78997041258007,1.46059637182576,-0.42779433766614294,0.341596159641861,-0.32385168521373603,-0.293749217589617,-0.8574705959487491,-1.6393177422439298,1.7273610128328898,-0.806317624469568,-0.442150234026748,-0.042713988038797994,0.0077157172993338905,0.0828132590559922,0.620957279631572,0.49667238683263204,-0.389939923099277,1.15
15053,0.8052014994241931,-0.498044825461298,1.3436503605490602,2.11425080156142,-0.9703535336711391,0.495071661618802,-0.48233108443503,0.18048570462289198,2.5821634624235097,-0.8328395332446179,0.0393155125521784,-1.70562828971457,0.7867720053189521,0.851392002152393,-2.3878072390170297,-1.22758195558785,1.6606125754940502,-1.09195383300292,-0.189798710848332,-0.030139798552995,-0.47123212624028293,-0.9604576233427291,0.027244189296822003,0.33829890658618705,0.29223393385863106,-0.580699466741203,0.0365204954958366,0.0473793664114208,142.26
15058,-1.07873896002972,-0.23694372467443303,1.86072511133461,1.79961004447335,-0.766743496975283,2.08837587811883,1.5440024843026001,-0.0125258565349381,1.7780207604646499,-0.985177777117172,-0.712780623577991,-1.8550032693802199,2.53654037320096,0.21590208332510502,-2.0763837453215,-1.480555378748,1.3999467620648198,-0.50807045881729,1.31218197262915,1.09679160844845,-0.393090710922935,-0.736287837823405,0.6882595424626589,-0.8478129838816729,0.204743120605215,-0.400483976767802,0.125350501891446,-0.0230988388246724,397.89
15062,1.230997552485,0.0651976237219104,0.79276742683963,0.105873347729311,-0.49077813869874104,-0.339902720706267,-0.41821951685448294,-0.0843010959678192,1.3038866621635299,-0.396563777268851,2.26710496336268,-1.25051733681591,2.61728232519727,1.52707576382296,-0.23009420972900302,0.760725074741336,-0.10406355876383301,0.345988320257598,0.162222153687438,-0.0113957811338812,-0.300049188997651,-0.641083936128198,0.0973119665427052,0.0105473712595185,0.0262260808554119,0.7488725403717901,-0.0893053091871544,-0.00184045921508535,12.95
15062,1.22295255403599,0.49840773894650703,0.589785005993227,0.9733200261970909,-0.406938370506128,-1.19513345963758,0.0532919040852718,-0.34293858857874604,1.19883655492851,-0.6755885087182739,1.28044984118149,-1.8288988363219898,2.44026175475876,1.0428843143814,0.264414696995196,0.325640983631905,0.8096831173015091,-0.20796218228871902,-0.530985115203838,-0.0795260399886011,-0.40507382201043896,-0.908338451351587,0.167481959608215,0.628097083405962,0.168176836471702,0.0327306992624143,-0.0466192770440706,0.0303217995896625,8.99
15072,-1.1666356016218602,1.38904743035879,1.8144343231595799,-0.24407696828918804,0.326654742202437,-0.17367871329570003,0.946169352780424,-0.4436046825700711,1.95291795226616,1.33814161441393,2.8651207900097204,-2.41724479919257,0.573795613954474,1.07986335988249,-0.10095790948291199,-0.273513921332435,0.142651038000762,-0.13821482995133402,-0.435689842203934,0.683068517310503,-0.5771488744975799,-0.596897832875314,-0.014434833107333,0.10488229875302199,-0.24390356692434698,-0.0311911781635012,0.169559562972971,-0.293329468549046,8.99
15079,1.0639575781768,0.404663329594156,1.7997438854444798,2.9310135954161503,-0.6047023432508061,0.5060753130528929,-0.653338993961089,0.14536677998620498,1.21763619129895,0.0490251597224657,0.67633773774293,-1.61489422969987,2.6043624702209702,0.8683811753527941,-0.9224038499612941,0.157139075182175,0.656552298653215,-0.605235745398944,-1.5331524265421599,-0.185200076702008,-0.176543684145816,-0.0241498710301154,0.115540693357298,0.36815650548272605,0.19237559021093498,-0.0760585374970661,0.0396719727182395,0.0313679502642867,0.0
15082,-0.8437678926048671,1.87384065194657,1.4249606651628899,3.05587000502097,0.209135242380489,-0.00096538948909014,0.7801694276512879,0.207666367572494,-1.0720607908229398,-0.0816809569471275,0.9707061343117009,-2.2082064775151897,2.64273789390184,2.13399418125019,0.342828143644123,-0.7532993813367891,1.4262146409577598,-0.47060865495582,0.260247449775858,0.117627455267646,0.028895305017669,0.195415424650832,-0.129711229372444,0.38972325186880297,0.3656223631619389,0.32100902452440505,-0.0980731801412035,0.011913607949343,53.89
15084,1.0966126727821401,0.347178909447551,1.7965944127596298,2.99706634744336,-0.907562348975055,0.00785808726940733,-0.653326955389273,0.0760922610636916,1.40905154355555,0.127365736673845,0.243375785275445,-2.3611641509202297,1.3813980143206102,1.0886780909139,-1.03728701589081,0.5084899207323961,0.449506294441048,-0.0028211672574690897,-1.16807639470743,-0.223051358205468,-0.215447824875624,-0.24294792935787599,0.0966233106863763,0.645810578187338,0.221267666694915,-0.102135673270263,0.0141240331298231,0.0329733961521219,4.95
15088,-1.95989333151362,-1.64299689572898,2.31218473362528,0.654107602596588,-0.0887782501651315,0.0844027830646792,-0.19418901778677103,0.306267344379866,1.44364197371972,-1.0878109942631502,1.33917395699299,-2.08930245993818,1.00475721960246,1.21628180236744,-1.39280956313694,-0.143808006981819,0.8315066320266551,0.730523019722803,1.44522004285,1.00627179478145,-0.0276169124072553,-0.5623948325619871,0.691269892344622,-0.0383217679536518,0.110143197724372,1.0021567476636701,-0.15455014597726802,0.0949646076911084,289.06
15090,-1.7325161669959097,1.8103763241136,1.3432342732630402,-0.25758139007083103,-0.0387004630217715,-0.24225487260102802,0.5812359527454979,-0.00616119912902109,1.97529748715862,1.4220498177624699,2.74041944602328,-2.2469175919511004,0.6363260745866899,1.32570733948556,-0.12455058195684401,-0.17153676964757403,0.302224750232937,-0.116745847118886,-0.47127871204089905,0.700878891338181,-0.565299833364707,-0.6314049337595171,0.0424501941749949,0.10064061695284698,-0.170281016368423,-0.0246769632618719,0.14920766925897,-0.295865556324497,8.99
15095,0.7937036365557439,-1.70030380325569,1.2987421370458798,-1.31080702869182,-1.9528788893013302,0.42763968591430895,-1.29399640750996,0.285794048676318,4.73032130596062,-2.2220165075929303,1.15199814619615,-0.751835194942553,0.995028305853896,0.61818159894929,-1.72145430381156,-1.2302010815951698,1.04657270091058,1.22874841340814,1.677921145979,0.22786606388162697,0.10023570217946799,0.7215083169076809,-0.438280892363311,0.053401919394498995,0.659970224625117,-0.552177645515756,0.0893753662279883,0.0509295680116109,205.3
15104,-0.48551286618349204,0.612732145809837,2.06831939506661,1.33966133548032,0.0305405944231498,1.8762823645036102,1.01186809567121,-0.24517400459344801,2.2103064624921602,-0.4560268877687029,-0.808722829682626,-1.87246216938552,2.56166149383639,-0.11966381190003998,-2.26406904726027,-1.4308142639403898,1.0870335417174999,-0.662269362387834,1.1381635885047099,0.271659972041786,-0.6547256026496,-0.640131553423511,-0.12234453307287001,-0.9923977353303209,-0.18892572419855602,-0.513904075115078,0.0493225740567906,-0.283231067667842,148.99
15107,0.328204447147255,2.2486538911827703,-1.7994607405941798,2.01697920369765,0.56474794365705,-2.14554062775089,0.610126906950451,-0.0882970506210889,0.58533803841065,-1.71656236940319,2.244017181487,-2.06714865988625,2.8336122253862404,-2.06013491670892,0.11881173881418901,0.695168858329718,3.8323764607057704,1.4703829927800602,-0.8282991312009509,0.00302714438409632,-0.185596483378215,-0.15040330392297,0.20067638132715,0.5471821587591621,-0.49564771366340205,-0.488150651030395,-0.0225825132401454,-0.0469951391523733,1.79
15108,-0.702670252830735,0.98259889220115,2.49057345100065,3.31544891527021,0.41697798588264295,0.144188107381884,0.0903145972372165,0.0267095131749243,0.13596128321035,0.0682010734934818,-0.0429942753937652,-2.59063819031291,1.9366860190656598,1.20239147869377,-0.8619968013258341,-0.694643049009805,1.21832601775031,0.11633309395878999,1.0581867008528,0.21128708499918397,-0.135811913112127,-0.0266468782132356,-0.271043377496939,0.32068064179325895,0.33511131729970695,0.32556661076070303,0.058269585388393004,0.0853002874199655,3.01
15108,-0.9855873649875451,-0.346429744944532,0.6323961764907211,-0.845306420216777,0.639122663676287,-0.21453689647201898,1.05569664747265,-0.0628568440765885,0.8549945520800941,-1.2406862195621298,1.84960509721643,-1.50747558370637,1.9278091573264298,1.61338926211359,-1.8857563717824501,-0.15033126193112697,0.3266775339752,-0.215360415320984,-0.574224362258261,0.364771752406507,0.131755496651915,0.253731780819206,0.435558295100002,-0.287630661578007,-0.49911696530446603,0.8040868036306821,-0.0348215212196972,0.161757768429124,200.0
15110,1.2942769927685902,0.0934005661233963,-0.11175512900734101,0.270280758144547,0.533118958079943,0.7997058240726601,-0.3570593586457121,0.202677195167515,1.43241209201505,-0.261824754593954,0.8274691292141859,-2.8036671356435097,0.5179219199101721,2.12111525256733,0.151853300578028,0.758323429696185,-0.19764909022562102,0.542186608524028,0.270639770848072,-0.202343697670046,-0.45992687782607006,-1.15685165532337,-0.0302071047157568,-1.8215487121906497,0.265979401642998,0.180665459309672,-0.0564195348310384,-0.0217039172719139,3.59
15112,1.01442352155375,-0.155495263324406,0.740259409941915,0.877870984438913,0.0139791023829522,1.25812026742358,-0.5915299360312579,0.419116936594611,1.95767622356266,-0.776203642324788,1.3334361042465501,-1.8359916428050602,0.915297741808912,1.4835175693859,-0.00528728970636394,-1.7253110464336698,2.1889194966315504,-2.3008856911955298,-1.65482091364739,-0.334415052488528,-0.10552385212257401,0.30579435049343606,0.0982623953651193,-0.644229034769802,0.161907166964844,0.615185102743073,0.0169599382664719,-0.00905883468998463,10.95
15114,-2.54485717740548,2.3379037749945297,1.6667786078229498,-0.166271552330682,-0.31980245013140696,1.3367867946623,-1.24474781350822,-3.8363356199881697,2.17943464835993,0.048449457706260995,-0.528245882437351,-1.53877840307455,3.37469007730587,0.447429848879188,-0.828658398929126,0.19286150893637302,0.438216385664789,0.36451998440333,0.22159331871567498,-0.38647158041004903,3.4713291839304197,-1.58113020724996,0.17990506352615698,-0.708569911136238,0.5869117012213101,0.41603086899005,0.541973138498077,0.306263263307822,19.99
15124,-2.1497890040501497,0.972363463683496,-0.23344703894605898,-0.887316753980165,1.24659239603768,3.78517215852813,-0.606390950207818,1.7302882109587199,0.819285077551223,-0.8630010895156801,0.48942603365689,-2.51191149235084,1.8540299733465702,2.01833222506874,0.624108809505873,1.01679341312126,0.0486136089035259,0.825546603509585,0.0320110569044955,0.0715988413868404,-0.25613497704125304,-0.7250391627304101,-0.0347302193090016,0.954412446048249,0.38446733385995396,0.241488968834471,0.0669460637551664,-0.00598852054347435,119.99
15127,-0.919300351807397,0.599853601088509,1.53479719210513,0.6263920426987789,1.5277788103732401,5.09116272924187,-0.9400459614112892,1.3520483929714298,2.23088773392154,-0.500976954412772,-0.27953011810130896,-2.30147342814678,1.3473118881914699,0.40412964768594706,-1.77357586638744,-0.796359936315364,0.983686092220952,0.6592791556852211,1.53732316465895,0.397930051330183,-0.36026798125428705,-0.261046291533332,-0.32969770344369204,0.9793105863324558,0.590065682774446,-0.0980921800149181,0.503805743544545,0.20487773543043802,29.99
15127,1.24244182708077,0.48627228246348103,0.449705998789253,0.896734632664461,-0.243671758733304,-1.00384329076829,0.0517782580020763,-0.32467585711278996,1.2148152442453402,-0.6772930814933659,0.9915760029068941,-1.91534093196058,2.5414341842018997,1.01495052363306,0.28418522941704,0.420478782377679,0.6869023663078879,-0.104757095288342,-0.407094399629419,-0.0619784524308634,-0.425143862797734,-0.966876252628661,0.124266940826732,0.297689125831732,0.21308834321452,0.0529107686020791,-0.0471513533392127,0.0274034870716415,10.99
15133,-0.494208165341247,0.34732154420692496,2.69580408704771,1.9707785829404598,-0.34220406357724,0.7838426815808021,0.29031651894057203,0.0138337698404604,1.9004352748262598,-0.8063834576758521,0.160305327280369,-1.7741913107325602,1.51330808368508,0.4538641413361049,-2.1495905950034198,-1.84471472142425,1.8750902539820802,-0.9088785418771429,0.9600751610149839,0.172059983278599,-0.432044705013304,-0.46188545708910494,0.17178427544394198,0.339271256572204,-0.445107574798471,-0.527509157028365,0.023487395662602998,-0.0637333958583071,73.52
15134,0.7602101611507741,0.00803109638556495,0.654477902443118,2.7985627623095604,-0.36735540179227205,-0.24189015926594198,0.19007549851575603,-0.11373571951204199,0.307233945383484,0.417312266758266,2.2057291085650097,-2.0434343741183,1.26373769858467,2.03330984406112,-0.896333447077015,0.8002464333226079,-0.0435601015686985,0.5849792038904009,-1.10566744548787,0.18726676385768898,0.0822750892263142,-0.030813073644842003,-0.21437233844167602,0.47204327388424394,0.395811645720016,-0.0201160174587446,-0.0810057542579995,0.0397667990303369,200.2
15142,-0.7771905043947579,2.67403436289319,-5.348244612676231,3.0124547839301097,-0.214043179141565,3.4626516526348703,-2.89560106509412,3.4275314910210097,-0.182638931377333,0.49092726524508,-0.29619930963935,-1.64947309897798,2.33481073599597,3.89256716684852,0.270253923652609,0.881908990359154,1.4069622063211,0.80007428257468,0.989243274241678,-0.9350914060837651,0.296847249083765,-0.0422603382318257,1.08425385391914,0.915771677952163,-1.7269241434774198,-0.150207064481969,-1.7154431570641202,-0.72677520283485,73.48
15147,-1.52046244549638,-1.21826436983958,1.83367551868503,-1.45077566999766,-0.986219178350348,2.0667056891636597,0.394749975883876,0.125222006255449,1.14900515040929,-0.43578708481107303,0.991609186460807,-3.80080355163575,0.292939262138332,0.661365567704001,0.279080909276247,0.225623548611294,1.8397969781418202,-2.47576511901643,-1.94194011420185,-0.458355484566096,0.20987477353571102,1.3698932959587902,-0.10464274041791599,-0.990651354630978,-0.46384587282912604,-0.19196159790702302,-0.0411552083877528,-0.090643826572586,349.16
15152,0.996977534767326,0.5138240017889371,0.595974695071957,2.90362123030158,0.107496121871394,-0.162092584461256,0.32876499696858197,-0.21031543196070898,0.43488156280898793,0.152359124451568,0.8410470069602679,-1.75927825862103,2.4490495357122497,1.50084442375783,-1.06204233463178,-0.329010428407184,0.8106722696495301,-0.957019209164305,-1.4238417229009699,-0.0512911107524761,-0.0986918683359875,-0.0241792150630706,-0.102201267714738,0.37901818874401005,0.592869160360129,0.0480113083257945,-0.0375428164692089,0.0208717994450164,75.84
15160,-1.33054858131627,0.24595512673009398,0.700337154807381,-2.55868085519126,1.10339389986904,4.56219438771355,-1.81763097066153,-1.6642040045793,0.17574584788723,-1.01706874633204,0.326731161884326,-3.26180338275375,1.49295929449781,1.06595723918759,-0.8274696913516691,1.8233227550692999,0.441860018466022,-0.17405278250617903,-0.0172690297544665,0.7051093227437251,-1.12005393117863,0.933500473819495,-0.0861469619447514,0.96591890836121,0.559777460892386,-0.176092488060119,-0.0732794694066508,0.0719049826444881,79.0
15163,1.0973261947120898,-0.279538343169166,1.4874393111091,0.709062752025183,-1.2503144708473501,-0.0920761958609151,-1.04239770099309,0.194151863697022,1.95576117927504,-0.29541049389932694,2.0379602073109098,-2.2810910784528198,0.6647281154985171,1.6461949754569298,0.301038276373024,1.07854069935835,-0.132660583209448,1.31791619489548,-0.5001975637981021,-0.11068599906096199,0.125596069964269,0.502195271587372,-0.0435232193075638,0.29094099169780396,0.0829428897904877,0.5218212068459629,-0.0304618505043001,0.0170826395286075,37.9
15164,1.06572757271392,-0.018063897291925,1.4214604735990302,1.38311661832106,-0.660845659877599,0.6380463774110899,-0.8244267832939529,0.28957513194551193,1.9011779829003,-0.450806366133045,2.08982132461696,-1.20823021645048,1.64872082788789,1.284711212206,-1.01680290586827,-0.050826820384068,0.507219753361341,0.247843361549198,-0.48430237042578006,-0.189010889246958,-0.131391716905279,0.0734211324364604,0.0209285032242344,-0.0430618492988451,0.29071492111914193,-0.435356420755243,0.0586130549377358,0.0187314119247616,11.5
15169,-1.7570584069303603,-1.51098439176111,3.2097747326780404,1.5055060622243703,-0.828939992672354,1.17446833254547,-0.29502201590117605,0.0707276693999036,3.2648044158659704,-0.43154741365245297,-0.362646499044771,-3.09368694387771,-0.0127577055466199,-0.0556386224487329,-1.17371724001928,-1.15448568005257,1.5599007374779699,0.163732961396724,0.954013771852519,0.0763043522205203,-0.21648152755304803,0.8564143647671759,0.801301126641651,0.0693214663139035,-0.00603383490315823,0.826964591299451,0.12444889159339301,-0.38275178892943895,180.0
15171,-1.85163821911608,1.3726036570203601,1.14421980263955,3.3470569755475403,-0.731201461949262,-0.29996399074208,0.159987997880144,0.545746197039413,-0.66325509488476,0.0283712319599903,0.7385037865954951,-1.6748461643783603,3.5550957039732904,1.9841382454162197,0.353290785223739,0.111279356397039,1.04777152624326,0.105732496079877,0.42030513690270094,0.0915537741571169,-0.0709542586882973,-0.0875963368098432,-0.107549589483685,0.723712580203221,-0.257955445053169,0.0573556192525266,0.170745751873185,-0.167463711166805,159.28
15176,1.3226026749190902,0.397147058600545,0.320365068149622,0.620152189365978,0.0729072643120474,-0.44726379839923097,0.00515757432713036,-0.277421228083851,1.2677573955108001,-0.458362411482711,0.116613024676452,-1.99395147596206,2.89217444699096,1.46640599289904,0.268999538804828,0.48100827308840505,-0.0406545783596954,-0.0923458188103547,-0.0115352443310636,-0.05834089791411401,-0.4538687658592971,-1.0204276092547901,0.0349470652930245,-0.5001463153130999,0.33290852592452,0.105326118108033,-0.0517568316462047,0.00583296757205867,1.98
15181,-0.7485730499362099,0.30530583524854804,2.41508308661193,1.6586049003494598,-0.37271625714514,1.6936340994509598,0.495816062119566,0.262196494391775,1.7899393179274499,-0.5545064909175861,1.20855894191531,-1.66563908419783,0.9434140567888729,0.691290675869992,-2.6792138584481298,-1.4205283446145702,1.4326238754546698,-0.109132762467862,1.4805543280529099,0.458733168985198,-0.470424598122478,-0.6262210832217739,0.17017150118946,-0.38394134057233104,-0.0419911522422688,-0.437677760348463,0.19986939584995803,-0.0490408889012785,148.78
15181,-2.86519110470746,4.57228569256256,-5.36398405810718,1.33286881741781,-0.43890508742847295,-0.72264392104333,-1.8741704554319298,3.01985384306918,0.59370749238704,-1.17313578948292,1.6257950794638798,-1.1639851860936898,2.9229641333302,-0.338937924252182,-0.291979969774643,1.78833230867008,4.1666154601403305,2.3357644147605803,-0.393898964430745,0.14734617192440197,-0.176297750700487,-0.509497783917715,0.38843495704754205,-1.7561311872741598,0.103290995625556,-0.301972285507688,-0.00276315525504914,-0.0905781722874449,1.79
15184,1.2019607418466298,0.252045541899138,0.574558575068441,1.2332030298032801,-0.409807678441526,-0.5353435257296879,-0.24554254861081398,-0.0212278870147883,1.3935446714357,-0.142702821035984,1.91376138301499,-2.5669247960479704,-0.160889004976164,2.2716021911598103,-0.272379782297901,0.367970036895165,0.11866300510600399,0.988644294890573,-0.348503509110732,-0.292864601017543,-0.00560744436975845,0.18839474766677897,-0.11193997741272999,0.24515595509951998,0.5918156120828579,-0.30214004708625103,-0.0183188859060854,0.00107095149050183,0.0
15188,1.2565929112550702,0.0633021690563735,0.636209671653853,-0.0545583312060485,-0.43904776337880896,-0.44584672758648297,-0.35539459890555203,-0.119705679315664,1.33472461897287,-0.43738768319293997,2.24786120983471,-1.32498652413492,2.45413376443372,1.6011153570916599,-0.239462614119898,0.636280410857335,-0.0420041034117562,0.37074835958036206,0.231826636326365,-0.030257628989125002,-0.24290451911667701,-0.451948591961928,0.0427199360102907,0.0246072515715626,0.130221020896792,0.865698072000795,-0.0981022374282543,-0.00798952501890546,7.63
15198,1.26910127210745,0.101973714780391,-1.01882253582769,0.46738742541145295,2.26234219557072,3.65337539611792,-0.533737295365044,0.7689784632727871,1.4575830607129199,-0.388190203016065,0.405200728255264,-2.27085188301386,1.4167444353218301,1.62581652290992,-0.888795167457047,-0.130736483039622,0.22144042684064102,0.19676635842523899,0.160797643792711,-0.08492005028950099,-0.33478901419865303,-0.6663083068349621,-0.11359279049964902,0.9487777754527199,0.8706026929828921,-0.365077281246784,-0.00112688418172936,0.005799039023561279,6.99
15204,-0.923243232267433,0.573217455337922,2.16191310062809,1.9574097308991598,-1.40796787461862,1.17861260609483,0.578703035922417,0.0972840485531106,2.26461278243317,-0.6949017660116279,-0.235596547870464,-2.87502835874149,-0.561853184702217,0.931966558301097,-1.8872350220024898,-1.61261310448824,2.04196490994693,-0.670335401920684,1.00018971235427,-0.44485382669707,-0.48748569578519396,-0.6312952888540899,0.151615854290155,0.31599411170121194,-0.5257429320759099,-0.5174895221200461,-0.0684324553238789,0.102920478165244,184.36
15205,0.790397633643443,-1.2224607477126799,-0.106199134689453,-0.9186284447188109,-0.7272259208946271,-0.204291844568113,-0.0780413198935623,-0.133001657156121,3.14404081981183,-1.7190689302509699,0.0314523989929282,-2.03411560962184,1.02013505332597,1.4811876126936299,-0.0336422106747214,-1.18381796339598,1.18967829239944,-0.27552010151757395,0.689605884867502,0.325564736192188,-0.0992849577103516,-0.27647051115611304,-0.36693682737474004,-0.465410623380309,0.5442092724318099,0.0577407321412211,-0.0460325285055542,0.0392182255509103,265.05
15207,1.2150024144712601,0.561627861105154,-0.0998612193363505,1.06121325908928,0.5877283621010639,-0.143986310166575,0.329366014502845,-0.176682579003953,0.6402574776439929,-0.224719158167739,2.3528530392813196,-1.18670114840082,2.41376871005964,2.04003361883062,-0.5702782715261551,-0.28510013887729196,0.280990944546443,-0.0443157686416102,-0.40741060208051005,-0.15283706933636199,-0.0794815489926435,0.113583920863018,-0.168112585438844,-0.325615373534036,0.7977964172452059,-0.305345584265292,-0.0173015526562589,-0.010359621899864,2.99
15211,0.940084224066994,-0.15671899258806798,1.45925360524725,2.04421439234149,-0.7597728227902509,0.5010361108207609,-0.461039367080063,0.10267071577804199,2.34008430397228,-0.8489828108135699,0.32164981754072197,-0.8278082858836969,2.42760389084257,0.506915081961155,-2.57887883161948,-1.3151301717244899,1.5648998210742,-1.3100840385741102,-0.179451676388377,-0.0659743092668322,-0.494047512363642,-0.787168188557924,0.0679697653098859,0.367299658829976,0.37315242416911604,-0.578279458286231,0.0605252153402264,0.0387397745340738,72.93
15213,-1.01015155102797,0.229927484850654,1.5423803871379298,1.7105948491637502,-1.83248713876758,2.7781813697147997,2.4216791906344803,-0.28117853201964194,1.8645047747626498,-0.934011709217456,-0.665830495855834,-1.9990487562488801,2.42602607665426,0.127711062283914,-1.99900682246573,-1.3530842120744602,1.34670169965972,-0.5792168588031129,1.3563958450191498,0.31570328366974393,-0.641250296558219,-0.702956631150801,0.220286431557131,-0.7940426266320358,0.125441751910057,-0.389499426343534,0.34299619281475396,-0.18717454352895002,539.87
15213,-2.59709094223959,1.5629501787708,0.550776437066521,3.40306866071005,-1.22300617772458,-0.31453321933635103,-0.0793063713013207,0.952466539065943,-0.6350431629917671,0.0888417648969661,0.624503031156958,-1.4993268918139198,3.64147816835621,2.23685458114538,0.355852612547687,0.24901136312788102,1.20252034174674,0.1215563295294,0.374697706404173,0.0892220893917,-0.0745284980832049,-0.158061053098268,-0.22777769986418203,0.7342062945177691,-0.220436417695246,0.0541695869420243,0.14801463592254901,-0.179656600994065,159.28
15217,-0.7496125622914169,0.435066040736286,2.69011407960939,1.9220785761699297,-0.6799056378024051,1.0033389039509,0.664785788650332,0.0258633905090397,1.88329503379803,-0.7468949049400542,0.23377014165048202,-1.7081568260981002,1.7190831356501002,0.3736997427650379,-2.11603567135506,-1.84660186824229,1.87603093643612,-0.91831765185791,0.938684824727237,0.4751277888040771,-0.47030793484433203,-0.550853167742785,0.250702194611638,0.333973291755153,-0.0728385399405604,-0.462880370149971,0.210289651362986,-0.0306967165531765,147.69
15224,1.25547806101723,0.075737134808817,0.8995825614417858,0.30685826697766,-0.783296613692343,-0.8814338738147591,-0.365580621229978,-0.20783322960564396,1.6634576963698602,-0.540778864407019,0.72622418811213,-2.25790599619369,1.8382589947876697,1.51009900878452,0.5334043597857511,0.5050541938317461,0.312877136558819,-0.159413710531531,-0.24538978050547303,-0.0911728101232025,-0.340972563318775,-0.7562090825014581,0.162033655513656,0.35793684161959405,-0.0141817489129757,0.749535164993116,-0.0896814039252866,0.009318500127646191,10.07
15225,0.9673319707905319,-0.22042083539329502,1.4325263105705,1.88828020401322,-0.749584115075568,0.847202994118397,-0.7157743227463649,0.354901503230235,2.32940218628627,-0.618904671817084,1.6435238452095802,-1.01262997323373,0.794827345224502,1.00002048622939,-3.10287655355025,-1.01388233376137,1.35798494430361,-0.589498865671397,0.177192981816768,-0.217176550437437,-0.48804334267039,-0.8082257795395941,0.0877357625875455,0.146757159418409,0.31840181715680105,-0.579438815657424,0.0524529280441475,0.0183119345213809,40.49
15226,-1.24455697699351,0.8390803071325559,1.0050973050264,1.1104414382756498,0.156555530533463,-0.149667534708792,1.03361888773953,-0.267852107777795,0.9733158283191891,-0.0670257747340751,0.7884814437583041,-2.40082706022763,2.0491770140792,1.5092254039913797,0.5956207557466949,-0.655541702307933,0.7147377146306421,-0.142045389605422,-0.121855576661589,-0.103469100223217,-0.121684768541821,0.50273554321171,0.0599793330662121,0.0453899022307992,-0.269047543581221,-0.39055744996463204,-0.152982244804863,-0.39167341025257796,117.98
15226,-3.34293321177105,1.7525737111220199,-0.0426031322233973,3.45922874859959,-1.71424404183089,-0.329507735659817,-0.31895124769578803,1.35935199761622,-0.6068750140759711,0.14925956585583,0.510449509827792,-1.32377758524756,3.7278653992648705,2.48964960431399,0.358378075814021,0.38665665582799397,1.3573046333556003,0.13749756063429003,0.329029576145638,0.0877925028139761,-0.0778097199963131,-0.22856867833813801,-0.34728006734455197,0.744635591312789,-0.182804913830311,0.05096132608381299,0.124944932611161,-0.19170718474658802,159.28
15228,-0.223094422593834,1.4757407928683899,-0.0932237637359543,0.9356607730127199,0.6053581646846701,-0.149390502012095,0.42722464035419105,0.33727128328626,0.22010553267125502,-0.287030320899619,2.0385970641596396,-1.26104076937249,2.48545224752978,2.27992022162566,-0.6291208304383139,-0.505107279142752,0.613892131098107,0.23797637904463198,0.223673351170557,-0.0595203714379809,0.0940097473603301,0.64829977848938,0.0453571679645373,-0.33044674795153,-0.741022882688525,-0.42205334265231,0.30599680051199296,0.14501585531632502,2.99
15237,-1.73057653396836,-1.17183038520427,1.94434901936108,2.34009547128627,-2.4505686432446803,1.83142552376509,2.69077202036281,-0.16814615951624698,1.65991542061914,-1.2668979484048102,0.388958536305802,-1.87371556581202,1.6343644252483502,0.47596806401899205,-2.07473912328396,-1.7753756502796298,1.9128855488971699,-0.732366816879157,0.7167919849989749,1.74391185368039,-0.112710825427824,-0.566332510075941,1.65950381955294,0.4651752335423979,0.135856653631864,-0.493839136658216,0.00500062140671516,0.0137787166399441,735.09
15244,-1.1827365668812,0.982001012745501,2.51094392760632,1.27036594492638,0.636365830962534,-0.312853375344188,0.7547302708417751,0.0209184737516479,0.538748786184887,-0.924431633016251,-0.40817561517495,-2.65902404836132,1.21361488942238,1.06148433292996,-2.78647141297747,0.603261641988272,-0.000972154538310968,-0.25080754176211106,-2.32206702826113,-0.23917152706444397,-0.156124186936029,-0.275886109036983,-0.31924854036758604,0.32212375842940005,0.75912359858427,-0.20464948415778197,-0.0477993297707495,0.0515272694380031,22.77
15246,1.2323246425327,0.0330361419656843,0.7837154622721709,0.10985305769369001,-0.5329609468189379,-0.351690121008726,-0.452094135586193,-0.0566763862340061,1.37701311872444,-0.381993665712886,2.18484670516139,-1.50704660076002,2.1348502739694397,1.6228578912250302,-0.177289606667316,0.783232958061636,-0.0765299292076578,0.404979654020859,0.16575615892670198,-0.044067233863186,-0.306121363998707,-0.680122140077042,0.103867531919105,-0.0027015953363322,0.0102274218628718,0.7505814721041991,-0.0922936873532918,-0.00302771734631648,12.08
15246,-0.66862319243985,1.16512961470059,-0.34901111691891,0.412903905986199,2.27756984350514,3.8418294202610896,-0.332341866510354,1.3164235559901398,0.6972790625993679,-0.59655338203367,0.175984480884707,-2.46814812995251,1.4849700610571297,1.8885493500108301,-0.6186373008298001,-0.5064198832616911,0.755042323198549,0.5316735360939571,1.24515639632724,0.14975139763876502,-0.22012418197283398,-0.35134980287552503,-0.14268070846669198,0.952405506137928,0.14260683641713398,-0.27418105102817497,0.26285610319372604,0.126756434727207,13.99
15248,-2.1409827973195004,-0.286903479802498,2.9180096017257,1.6870247219057102,-1.71350175884034,1.82594415516958,-0.320411157053438,0.809983529730771,2.44018349865953,-0.724896865522619,1.4363552490068001,-1.39893598719033,1.14628642944972,0.44061819285920895,-2.26570507449446,-0.8560485712262141,1.4199991934316798,0.643298837258084,0.577378352580014,0.21375892304491603,-0.0349766796339128,0.9610554439805241,0.16628667554808899,0.21998569287602499,0.491814273734057,-0.0065277636130498294,0.36587840489217294,-0.184110342071349,242.69
15259,0.19195585937093698,-1.46060434220312,0.8473554146394839,1.74711706177547,-0.936654891125741,1.19474727730049,-0.37880461163560397,0.34064407616568604,1.79263076785912,-0.553005884812411,2.2675724913293602,-1.6835044529136203,0.956878342123985,1.67118832936488,-0.214063462743095,-0.0476080621642056,0.6778737172035519,0.24332643577678603,-1.25822330128534,0.615803470024958,0.33812234511642403,0.39854031460109,-0.40602801549911605,-0.31659504960445195,0.11968928275351699,-0.283830285002984,-0.0171782014566934,0.0873963794509827,444.0
15260,-3.51059217042341,-4.33265698787075,2.05841545038238,0.478003883769824,4.3930288513424305,-3.98506608764813,-2.67288780105252,0.0373613805677648,1.79146976536423,-0.46504486918756105,0.452618875582207,-2.22707695662571,1.83527608712925,1.39053758606591,-0.0296363902579871,0.470863482797275,-0.0113852549611012,0.0576716121274187,-0.820443440403239,1.16602953571147,0.15125819198876,-0.626718052903208,1.0486752130605699,0.319242564958318,-0.9222142851143359,0.439013918091226,-0.26361055943709305,0.0500278279258288,11.99
15265,-2.4085407351839,2.17588484041843,1.4171500957813898,-1.9197963228021397,0.22390022507248603,-0.512814902965668,1.17848028830232,-0.781815508602338,3.50876888845572,2.90283692679101,2.41957926453119,-2.48044916205519,1.17536852767062,-0.0033289805815410896,-0.5861494430570671,0.27041436176760303,-0.8603265399994899,0.292824038020421,-0.692772274690818,1.375705601797,-0.746818538441641,-0.33775837560337896,-0.213632606716883,-0.0741524919267348,-0.128851936459348,0.484750251663775,-0.6364025193850239,-1.2752396962226298,0.77
15279,-0.7411283284424621,-0.574571942808084,2.9347105988712103,0.509933091836012,-2.12506366263055,0.7363308144396908,-0.0542550730409221,0.26607409324715303,2.73652130953296,-1.57224479655177,-0.343264749052838,-2.19463499115458,1.1355733499508,0.10971785551274499,-2.27041330720768,-0.45912740355192894,1.27148806852081,0.192287282256697,0.22104256203181502,0.38509268795161894,0.10246538082032598,0.6091734048662579,0.362983256352783,0.757117111353693,-0.12843289499292698,1.14722891916179,-0.0627081640480419,0.038547660705054,236.03
15282,-0.78047096237224,1.90876888229456,-0.5597621500173061,0.9188724872558058,0.24310854459545103,-0.21873382419379397,0.0584765861124009,0.7753754566039109,0.242402268796988,-0.20200570403110898,1.9136493544862199,-1.09102377236336,2.54701413383196,2.5252201707451603,-0.653633042339314,-0.40426038765779,0.773536888007718,0.25926840318004196,0.188692472282263,-0.0439974154556176,0.10547034042227,0.615375258469906,0.10682588505690699,-0.3350559454723269,-0.666344441702653,-0.415075687972471,0.28690025167585703,0.142377602635729,2.99
15284,1.1379967576789298,-0.0377236145569795,0.9696320331403969,0.194702864704483,-0.635351484793532,-0.196288390173598,-0.522057185450089,0.0557859956301869,1.3669388946647298,-0.42401563072780696,2.8480328245962405,-1.35298169572617,1.8198531108120501,1.7253239122226998,0.0580095368394345,0.34544669681019896,0.40760427156075896,-0.19199786191782398,-0.39431187742466706,-0.0925645284355563,-0.24153315009108997,-0.4868937036316501,0.194868571379189,0.200295401694369,-0.143391516154602,0.747845947056195,-0.0776515230493909,-0.000403784454911977,18.99
15286,-1.15691389756712,0.9822346712068359,1.7723860996182799,-0.8488344099771509,-0.329953413959217,-0.288150374011781,-0.11298040272934401,0.61653485953272,0.7494132442102499,-1.1268809508746298,2.45956687826865,-1.50439543528209,1.70992987149571,1.88427816567268,-0.584307164559637,0.589399360354236,0.350553219154914,-0.0502271802714175,-0.9070519596416808,-0.0612326181366547,-0.154097942038876,-0.34200423820017894,0.0862936614330192,0.183532679409705,-0.482489924545125,0.615960374038955,0.118350566118399,0.0713718803006979,12.39
15287,1.1972374950176998,0.0166726822029392,0.8631958647696851,0.25905111937773606,-0.5801139603168171,-0.394703306855909,-0.41957772128486104,-0.0813476107659391,1.62686959660133,-0.5949470340358679,0.981789235928403,-2.06199938447865,2.03041725082471,1.49812217228872,0.7642392287888979,0.20473438550790302,0.5785320345470849,-0.631316613381562,-0.607004860994896,-0.0924929624675596,-0.30626187485477696,-0.630182534229923,0.18244083432762,0.0653680606459,-0.0823252329325433,0.7771231824322221,-0.0734393618435198,0.00787456450117843,18.11
15291,1.28055212500854,-0.242776707239995,-0.7172555504255308,-0.860940049943808,1.7315077189658998,3.3912494316587103,-0.927234545943477,0.789916293732572,1.53156483643235,-0.487500188982766,0.948947489987686,-2.43962483273192,1.7813123626029301,1.6572121902513501,0.7254446066366279,0.835055939871813,-0.186591058037788,0.29164362459281395,0.12284749052864,0.0647250521771816,-0.38496477028010295,-1.07173783346267,0.11280221467292698,0.976432347488559,0.13941207409176,0.7630019381866129,-0.0904938124430005,0.00531233603211624,25.94
15293,-0.711435122260131,0.8758275518131422,3.4187099839471298,3.7938851752077003,0.00160085749356553,1.04334299279669,0.278066555755981,-0.26059856262493,1.2271732900585501,1.3806961880168,0.0107979789145906,-4.63861248787026,-1.5546383417229301,0.8625526923337958,-0.554972487341856,0.082407541182539,0.653548350371925,0.0548763921598734,-1.1919222703944299,-0.190887996776738,-0.219776326073103,0.0321067714489198,-0.00378822523837852,0.24347444941741797,-0.776532312560907,-0.135933560708016,-0.7471933904335579,-0.506372121300828,14.92
15295,-0.7869131076191421,-0.300667264836373,2.06343160723521,-2.40706156076743,-0.13693719036357302,-1.3709470509103399,0.449566288163101,-0.6393276339719289,1.4067312809166899,-0.6398342653506329,0.21180579937230198,-3.80521029677473,-0.350593759289529,1.49003715437823,0.5929013045585529,-1.9766835395100801,0.46613606632781496,1.87356309928996,-0.819404909019479,-0.6166618675412769,-0.652931231851661,-0.9060470006017489,-0.3667138393959489,0.237743511732167,0.342024920373015,-0.907305325375327,-0.34086925569610604,-0.41618112052566103,28.6
15295,-0.532544397789865,1.23175086093849,1.98126532143132,2.1187604957303603,0.331860761853389,0.565852307613578,0.43107142681154,0.116569929180895,0.33050103407222997,-0.0283459723842115,1.1683376816448898,-2.10941583145038,1.36485497045771,1.2951708330731102,-2.51187375042794,0.245957561097489,0.228507750181555,0.5280722982380289,-0.238129847767748,-0.158526221777168,-0.104849170706711,0.0116137944514685,-0.27915082410111103,-0.0571639797957802,0.13499693838057,-0.0118010703222657,-0.10266332517148301,0.0357727696092631,12.1
15297,-3.1316334147151696,2.9851439373495094,1.1800580403368899,-1.9697327702176597,-0.18552327555223,-1.2946346558573798,1.49538568647324,-1.2886007260023602,5.09435629102461,4.8543491115206,1.65832459489055,-2.81149274287446,1.4141332911616697,-0.9291306855188299,0.15151839850475599,-0.29634013613715504,-0.593110135834167,-0.6075366120435339,-1.52318393882157,2.34881337497375,-0.978621242965139,-0.5569955082708861,-0.0207344021550603,0.628872986663921,0.292672451675044,0.5600482871731151,0.729349062439307,-0.353849024103808,2.31
15297,1.19464730290852,0.0327829014375688,1.00566721715244,0.23899775271447601,-0.815749391382115,-0.6693006413056021,-0.45376505165875003,-0.0808411632385949,1.3719858361269,-0.37653319543740793,2.62638884623442,-1.4401892884930398,1.83489883746445,1.6961120161403602,-0.19444162895766698,0.637048921442833,0.12933689804580803,0.255817950176459,-0.0337920526942834,-0.0752950557399963,-0.27341955394146,-0.597820004273877,0.171598561238887,0.5112902681980611,-0.0681508598908001,0.718887506634315,-0.0928344442632363,0.00178437772229276,11.99
15298,1.17831567307155,0.33756008921462605,0.391900514864534,1.35495467259494,-0.264959110519944,-0.9171645847672171,0.147567547508575,-0.301937162375524,1.31992742899975,-0.361165743419805,0.49171415748484903,-2.51553419156501,1.26985602034341,1.9063145616138704,0.227545835920551,0.0415844234886994,0.328975315497773,0.17443500040072304,-0.5830671076808189,-0.138730017864743,-0.10569991965256699,-0.108792393220292,-0.11399469109371402,0.32852424888438203,0.638707966169853,-0.369582916511816,-0.0221577738936876,0.0193514786048009,39.95
15302,1.1646400363129499,0.4062034207194021,0.536679979895446,1.35659387495087,-0.182756709303883,-0.6355702466849621,0.0616273967511024,-0.19452305620380497,1.2507825564960902,-0.402169892050464,1.05568138092078,-2.16144223540705,1.4941048890188602,1.88718360614449,0.418732080068101,-0.363651131977332,0.707331859012405,-0.423684458429055,-1.05749710115942,-0.21641686868896698,-0.0695290089215251,0.10481051284311,-0.0241340231288312,0.35019094529914496,0.5427257739368511,-0.35820447174533704,0.00185291633353367,0.0151949864734865,12.95
15306,-0.24505852476848997,1.01330336092931,1.8417099819120601,0.77543601367151,0.30374677175117304,-0.6009579679483841,0.9196498279666651,-0.354092566650747,0.802222471444207,-0.625494789082624,1.2033492787720002,-2.4064435573044505,1.51986295458712,1.54443199326965,0.204116490662788,-0.603731669570194,0.6828257992644289,-0.37160954596285106,-0.991296865150889,-0.0849842242086032,-0.0332189145148173,0.351045830770625,-0.157335538969068,0.552293178128957,0.06308497345778,-0.43945464016498,-0.136359884030491,-0.200539810609928,12.95
15306,-0.273095837259257,-2.3578169252716203,0.559105865338809,2.50493884361095,-1.41294550387244,0.876049481314831,0.23704429091016102,0.0784424729991123,2.6040085022714,-1.08485496868068,-0.318829186156552,-2.02372510248413,0.505220666219502,1.04847402009074,-2.24401312134683,-1.03680800812213,1.5842842191044098,-0.8149536988911229,-0.24610667075878798,1.1127066866475501,-0.152406822477738,-1.35723970678069,-0.509999277431856,0.0293609836019355,0.111558504113605,-0.619808410211105,-0.0744571754368871,0.142354490325825,712.12
15306,1.19280877739375,-0.480609611040018,0.9450117188243722,-1.11601102410014,-1.2216277592601499,-0.8551812222211359,-0.6217958511859879,-0.21813688896020003,3.12479111575903,-1.6441139513273701,0.7448126314776559,-1.1566008834368602,2.8025848658851804,1.000833786524,0.522109725423722,-0.556936269024073,0.6021066713838891,0.369671408152742,0.494960690536995,0.0325921963612688,0.00652307933446802,0.498826479020483,-0.15165940309679998,0.4418820032284079,0.510086046049405,-0.0333162516492977,0.0257320997125315,0.0281103597416879,47.38
15307,-0.9956062825061179,-0.11365438715564,2.20048217620486,1.75399215121416,-0.8080793359244158,1.9330761329383999,1.0059001937910301,0.22143276672065398,1.7509672960942,-0.684494238611121,1.1848174807511203,-1.7762498830096998,0.835201395127157,0.7333285304439799,-2.654304833781,-1.38248909485244,1.42838566657458,-0.0326976218608307,1.44433224361745,0.7785176227684579,-0.383607676008056,-0.64771108021804,0.524811643522961,-0.40573769221403205,0.0151189612982288,-0.44200472013697495,0.14671619794464003,-0.0384152839383869,298.88
15307,1.20162049876874,0.0530009979152742,1.10990798223621,0.439921985937376,-1.06299454442563,-1.18590545248168,-0.352352759971417,-0.236257944189818,1.6468698543741598,-0.5414502445728621,1.1782960540687801,-2.15532458664934,1.6090552786596701,1.57128496893129,0.510697836217147,0.357605391583204,0.514227962228727,-0.314220254710761,-0.44749835017874606,-0.10000635454005001,-0.302486277385424,-0.6740500751453801,0.22194528519193898,0.886966970053,-0.0928789892570351,0.7161326398842679,-0.0914809312408858,0.0158847688504499,18.52
15311,-0.0633267866945187,0.8772231204795631,1.49269661329527,0.348049993725342,0.758784252060833,0.254916408970858,0.6579014123408621,-0.270515869046984,0.79433849095274,-0.536423822737635,0.326836396752591,-2.37228039454564,2.76017620450872,1.2333420386307,0.7237282965529291,-0.22669532446041502,0.39338728488399605,-0.312583570374794,0.414124783359111,0.14666195344856,-0.39242400095560603,-0.6786046614098691,-0.0803670264076168,-0.8131124364816159,-0.28923937657693105,0.166671442903019,-0.15727488134434803,-0.204651463617183,12.95
15312,1.0125946836608801,0.18541110283717102,1.8570024440296498,2.62567535867554,-0.813686024523601,0.741197688840922,-1.0505095089944,0.411448710796633,1.07822938004678,0.4107441875765321,2.2379123637246803,-2.31050557828637,0.771151506062043,1.64748764838662,0.00591830928781064,1.16825626869422,-0.0447219186076227,0.838388886391218,-1.76632441969054,-0.24046929010220602,0.167722000049086,0.665252615994881,0.0342269055081351,0.14937667395634,0.0614517557570649,0.0737251745441229,0.0246227812638981,0.0233645967025548,12.16
15324,-3.69075547981846,3.4144695079231697,0.7144916822949571,-1.98586107878222,-0.543478447410575,-1.36688371973972,1.12376750942994,-0.849273280757567,5.11633913047796,4.93913350169035,1.5329819743449802,-2.64130201502864,1.4756185571331102,-0.6833451180819179,0.12664905828265702,-0.196224441260483,-0.43321058909425103,-0.585448136619621,-1.5585180819578799,2.37035122858676,-0.9651667226699829,-0.590039103044717,0.0463013782152284,0.623774110267833,0.36825284001572994,0.5669238643586451,0.7080398938708459,-0.35550910955458204,2.31
15324,1.1620641857036298,0.15665805562227,0.8808683122089229,1.1144787043456201,-0.443581778583939,-0.251415499055577,-0.219736446135807,-0.12830577107403,1.71388536861407,-0.6601789181972779,0.8589368649610859,-1.2693509581050801,2.57226802705929,1.07777597210785,-1.02831361989967,-0.833768770053219,1.1583252620958502,-0.9785433434892321,-0.505249817679721,-0.14005755699373598,-0.177299266834899,0.0710200458999154,-0.0203831901264416,0.43004970159358896,0.482493275325448,0.40565686116783595,-0.0186725910485688,0.0066854947242574,6.99
15325,1.15670737158791,-0.21433024699935702,0.5366722421493461,0.8842330589224219,-0.42527728579463103,0.361158465991843,-0.608176394792984,0.29156297063522996,2.11091351838529,-0.37311195073495396,1.28154879519004,-2.948608347504,-1.4412244004377601,2.04037326962525,-1.2359042086456298,-0.255632728690744,0.9001372334822241,0.22810746730993597,0.0577907409651633,-0.36017839236505395,-0.213464848587353,-0.27105909586419796,-0.0672629135978537,-0.376237204276755,0.402222487405117,0.44142447659929207,-0.0504506739537671,-0.0181683875560912,10.0
15328,-0.465377518366879,0.7854588283102779,2.0090222263120703,0.518015692975363,0.105127764864027,-0.169876621885076,0.415298257347677,-0.05629137980678799,1.08518366894348,-1.11433516658159,0.738608863721031,-1.4463738501277,2.75836891690328,0.926575963790976,-1.26784958859674,-0.9532014215614749,1.16480714629399,-0.8327769153699369,-0.342222358249217,-0.0324343427866255,-0.0854388930226985,0.27637840350343895,-0.152822411086013,0.430529006027811,0.0315691626919123,0.363368559677011,0.0306205490591339,0.0494341394697701,10.0
15333,-1.2579725056175801,1.1367986720891299,1.26641972503836,-0.14948685539568698,0.535633344321662,1.44866243738733,-0.20848742268087397,1.03303867883894,0.5787527336431469,-0.827402080529668,2.91051760615974,-1.7767264937933898,0.777144270878128,2.35230122007015,0.552852563956134,-0.7750378988015341,1.5062061447619,-1.38332916213442,-1.4098816174306001,-0.22809358395101,-0.140211130150461,-0.213686873152506,0.14527702327835598,-1.10488171379582,-0.6471627084514721,0.128573658544362,0.0895083857130887,0.0748987056807478,7.99
15333,-1.61456553538928,1.80832488241503,1.08403141599067,-0.17444058338355198,0.7130729159449409,0.8695112357344119,0.48723717578663,0.22511542933580603,1.8797210395928001,0.665735621592263,2.27604158433425,-1.88932568039399,2.09055135619331,0.484465733728877,1.2787412127444,-1.21318286470044,1.8844776391342801,-2.0848535602222498,-2.11484045249219,0.643191175004658,-0.478939479251841,-0.360738339607433,0.193220804075405,-0.754058180580547,-0.28667074887390903,0.135665094321369,0.654379966417085,0.191822461359746,8.99
15337,0.100688133458954,-1.6605172686339797,0.701121960409832,2.1322479000087102,-0.861108095901684,1.3514026447763703,-0.0411414636283479,0.214438428581018,2.1645076415110003,-0.8647834353378471,1.33793578603649,-0.657133796864228,1.93615021746246,0.8819837035342841,-3.1099519719052595,-0.841470063677925,1.12269685639187,-0.4373507918448549,0.222025214948195,0.816465620989481,-0.22821961064218801,-1.07567125628911,-0.401930582920534,-0.32245079965752194,0.250441508545483,-0.600239370231076,-0.0305528367779161,0.0966824932274946,508.97
15341,0.494812158711063,-1.6622802832165102,1.73422031113887,0.9574836109857521,-1.7888552155041102,1.33005729681453,-1.2802685199876,0.484545213193775,3.09917508801371,-0.950728572239777,1.45413475941051,-1.1161989614605001,1.23464692394892,0.4597663217242629,-2.4693586350476,-0.383409112187592,1.18985716748165,0.140436892387949,0.0983616095348062,0.41646544047952705,0.13058104244434698,0.47746793435549795,-0.31898094827811496,0.102606829478796,0.0492159185420306,1.19642059469528,-0.0504226164389108,0.0503688726580776,298.04
15342,-0.619561982793195,0.692231852809404,0.5908909143008161,-0.38944865160468495,2.38450488141938,3.98499770700199,-0.19684155731996103,0.8820055908816309,1.0224790630247,-0.792555637011593,0.304519836769797,-2.65758813107157,1.4147157365283898,1.31203456397054,-0.7020852311882441,-0.45947051298669106,0.6259833777857571,0.418539089604148,1.25421312794163,0.124451541320449,-0.217661178962471,-0.370330836997206,-0.385707968318212,1.00781994366525,0.535068371341939,0.535553881034498,-0.12250668463117599,0.0611598690278022,6.99
15343,-0.619561982793195,0.692231852809404,0.5908909143008161,-0.38944865160468495,2.38450488141938,3.98499770700199,-0.19684155731996103,0.8820055908816309,1.0224790630247,-0.792555637011593,0.304519836769797,-2.65758813107157,1.4147157365283898,1.31203456397054,-0.7020852311882441,-0.45947051298669106,0.6259833777857571,0.418539089604148,1.25421312794163,0.124451541320449,-0.217661178962471,-0.370330836997206,-0.385707968318212,1.00781994366525,0.535068371341939,0.535553881034498,-0.12250668463117599,0.0611598690278022,686866.99
